Year,Month,Month_Number,Quarter,FFB_1000MT,EFB_1000MT,PKS_1000MT,POME_1000MT,Mesocarp_Fibre_1000MT,Avg_Temperature_C,Rainfall_mm,Humidity_pct,Wind_Speed_ms,Solar_Radiation_Wm2
1964,Jan,1,Q1,26.85,5.907,1.611,17.453,3.491,27.27,45.84,82.2,2,187.66
1964,Feb,2,Q1,32.22,7.088,1.933,20.943,4.189,28.28,67.6,81.26,2.11,192.43
1964,Mar,3,Q1,53.7,11.814,3.222,34.905,6.981,28.26,154.1,84.2,2.2,181.76
1964,Apr,4,Q2,69.81,15.358,4.189,45.377,9.075,28.22,221.79,87.13,2.09,167.18
1964,May,5,Q2,75.18,16.54,4.511,48.867,9.773,27.24,308.64,88.19,2,157.86
1964,Jun,6,Q2,64.44,14.177,3.866,41.886,8.377,26.24,362.56,90.14,1.89,147.34
1964,Jul,7,Q3,53.7,11.814,3.222,34.905,6.981,25.24,385.39,91.2,1.8,139.94
1964,Aug,8,Q3,48.33,10.633,2.9,31.415,6.283,25.23,297.57,91.16,1.69,141.43
1964,Sep,9,Q3,37.59,8.27,2.255,24.434,4.887,25.27,365.41,90.22,1.8,150
1964,Oct,10,Q4,32.22,7.088,1.933,20.943,4.189,26.3,309.74,89.29,1.91,160.64
1964,Nov,11,Q4,21.48,4.726,1.289,13.962,2.792,27.29,144.59,85.24,2,178.08
1964,Dec,12,Q4,21.48,4.726,1.289,13.962,2.792,27.29,42.13,82.3,2.01,185.82
1965,Jan,1,Q1,25.85,5.687,1.551,16.803,3.361,27.27,45.84,82.2,2,187.66
1965,Feb,2,Q1,31.02,6.824,1.861,20.163,4.033,28.28,67.6,81.26,2.11,192.43
1965,Mar,3,Q1,51.7,11.374,3.102,33.605,6.721,28.26,154.1,84.2,2.2,181.76
1965,Apr,4,Q2,67.21,14.786,4.033,43.687,8.737,28.22,221.79,87.13,2.09,167.18
1965,May,5,Q2,72.38,15.924,4.343,47.047,9.409,27.24,308.64,88.19,2,157.86
1965,Jun,6,Q2,62.04,13.649,3.722,40.326,8.065,26.24,362.56,90.14,1.89,147.34
1965,Jul,7,Q3,51.7,11.374,3.102,33.605,6.721,25.24,385.39,91.2,1.8,139.94
1965,Aug,8,Q3,46.53,10.237,2.792,30.245,6.049,25.23,297.57,91.16,1.69,141.43
1965,Sep,9,Q3,36.19,7.962,2.171,23.524,4.705,25.27,365.41,90.22,1.8,150
1965,Oct,10,Q4,31.02,6.824,1.861,20.163,4.033,26.3,309.74,89.29,1.91,160.64
1965,Nov,11,Q4,20.68,4.55,1.241,13.442,2.688,27.29,144.59,85.24,2,178.08
1965,Dec,12,Q4,20.68,4.55,1.241,13.442,2.688,27.29,42.13,82.3,2.01,185.82
1966,Jan,1,Q1,16.5,3.63,0.99,10.725,2.145,27.27,45.84,82.2,2,187.66
1966,Feb,2,Q1,19.8,4.356,1.188,12.87,2.574,28.28,67.6,81.26,2.11,192.43
1966,Mar,3,Q1,33,7.26,1.98,21.45,4.29,28.26,154.1,84.2,2.2,181.76
1966,Apr,4,Q2,42.9,9.438,2.574,27.885,5.577,28.22,221.79,87.13,2.09,167.18
1966,May,5,Q2,46.2,10.164,2.772,30.03,6.006,27.24,308.64,88.19,2,157.86
1966,Jun,6,Q2,39.6,8.712,2.376,25.74,5.148,26.24,362.56,90.14,1.89,147.34
1966,Jul,7,Q3,33,7.26,1.98,21.45,4.29,25.24,385.39,91.2,1.8,139.94
1966,Aug,8,Q3,29.7,6.534,1.782,19.305,3.861,25.23,297.57,91.16,1.69,141.43
1966,Sep,9,Q3,23.1,5.082,1.386,15.015,3.003,25.27,365.41,90.22,1.8,150
1966,Oct,10,Q4,19.8,4.356,1.188,12.87,2.574,26.3,309.74,89.29,1.91,160.64
1966,Nov,11,Q4,13.2,2.904,0.792,8.58,1.716,27.29,144.59,85.24,2,178.08
1966,Dec,12,Q4,13.2,2.904,0.792,8.58,1.716,27.29,42.13,82.3,2.01,185.82
1967,Jan,1,Q1,18.55,4.081,1.113,12.058,2.412,27.27,45.84,82.2,2,187.66
1967,Feb,2,Q1,22.26,4.897,1.336,14.469,2.894,28.28,67.6,81.26,2.11,192.43
1967,Mar,3,Q1,37.1,8.162,2.226,24.115,4.823,28.26,154.1,84.2,2.2,181.76
1967,Apr,4,Q2,48.23,10.611,2.894,31.35,6.27,28.22,221.79,87.13,2.09,167.18
1967,May,5,Q2,51.94,11.427,3.116,33.761,6.752,27.24,308.64,88.19,2,157.86
1967,Jun,6,Q2,44.52,9.794,2.671,28.938,5.788,26.24,362.56,90.14,1.89,147.34
1967,Jul,7,Q3,37.1,8.162,2.226,24.115,4.823,25.24,385.39,91.2,1.8,139.94
1967,Aug,8,Q3,33.39,7.346,2.003,21.704,4.341,25.23,297.57,91.16,1.69,141.43
1967,Sep,9,Q3,25.97,5.713,1.558,16.881,3.376,25.27,365.41,90.22,1.8,150
1967,Oct,10,Q4,22.26,4.897,1.336,14.469,2.894,26.3,309.74,89.29,1.91,160.64
1967,Nov,11,Q4,14.84,3.265,0.89,9.646,1.929,27.29,144.59,85.24,2,178.08
1967,Dec,12,Q4,14.84,3.265,0.89,9.646,1.929,27.29,42.13,82.3,2.01,185.82
1968,Jan,1,Q1,21.15,4.653,1.269,13.748,2.75,27.27,45.84,82.2,2,187.66
1968,Feb,2,Q1,25.38,5.584,1.523,16.497,3.299,28.28,67.6,81.26,2.11,192.43
1968,Mar,3,Q1,42.3,9.306,2.538,27.495,5.499,28.26,154.1,84.2,2.2,181.76
1968,Apr,4,Q2,54.99,12.098,3.299,35.744,7.149,28.22,221.79,87.13,2.09,167.18
1968,May,5,Q2,59.22,13.028,3.553,38.493,7.699,27.24,308.64,88.19,2,157.86
1968,Jun,6,Q2,50.76,11.167,3.046,32.994,6.599,26.24,362.56,90.14,1.89,147.34
1968,Jul,7,Q3,42.3,9.306,2.538,27.495,5.499,25.24,385.39,91.2,1.8,139.94
1968,Aug,8,Q3,38.07,8.375,2.284,24.745,4.949,25.23,297.57,91.16,1.69,141.43
1968,Sep,9,Q3,29.61,6.514,1.777,19.247,3.849,25.27,365.41,90.22,1.8,150
1968,Oct,10,Q4,25.38,5.584,1.523,16.497,3.299,26.3,309.74,89.29,1.91,160.64
1968,Nov,11,Q4,16.92,3.722,1.015,10.998,2.2,27.29,144.59,85.24,2,178.08
1968,Dec,12,Q4,16.92,3.722,1.015,10.998,2.2,27.29,42.13,82.3,2.01,185.82
1969,Jan,1,Q1,22.85,5.027,1.371,14.853,2.971,27.27,45.84,82.2,2,187.66
1969,Feb,2,Q1,27.42,6.032,1.645,17.823,3.565,28.28,67.6,81.26,2.11,192.43
1969,Mar,3,Q1,45.7,10.054,2.742,29.705,5.941,28.26,154.1,84.2,2.2,181.76
1969,Apr,4,Q2,59.41,13.07,3.565,38.617,7.723,28.22,221.79,87.13,2.09,167.18
1969,May,5,Q2,63.98,14.076,3.839,41.587,8.317,27.24,308.64,88.19,2,157.86
1969,Jun,6,Q2,54.84,12.065,3.29,35.646,7.129,26.24,362.56,90.14,1.89,147.34
1969,Jul,7,Q3,45.7,10.054,2.742,29.705,5.941,25.24,385.39,91.2,1.8,139.94
1969,Aug,8,Q3,41.13,9.049,2.468,26.734,5.347,25.23,297.57,91.16,1.69,141.43
1969,Sep,9,Q3,31.99,7.038,1.919,20.794,4.159,25.27,365.41,90.22,1.8,150
1969,Oct,10,Q4,27.42,6.032,1.645,17.823,3.565,26.3,309.74,89.29,1.91,160.64
1969,Nov,11,Q4,18.28,4.022,1.097,11.882,2.376,27.29,144.59,85.24,2,178.08
1969,Dec,12,Q4,18.28,4.022,1.097,11.882,2.376,27.29,42.13,82.3,2.01,185.82
1970,Jan,1,Q1,21.6,4.752,1.296,14.04,2.808,27.27,45.84,82.2,2,187.66
1970,Feb,2,Q1,25.92,5.702,1.555,16.848,3.37,28.28,67.6,81.26,2.11,192.43
1970,Mar,3,Q1,43.2,9.504,2.592,28.08,5.616,28.26,154.1,84.2,2.2,181.76
1970,Apr,4,Q2,56.16,12.355,3.37,36.504,7.301,28.22,221.79,87.13,2.09,167.18
1970,May,5,Q2,60.48,13.306,3.629,39.312,7.862,27.24,308.64,88.19,2,157.86
1970,Jun,6,Q2,51.84,11.405,3.11,33.696,6.739,26.24,362.56,90.14,1.89,147.34
1970,Jul,7,Q3,43.2,9.504,2.592,28.08,5.616,25.24,385.39,91.2,1.8,139.94
1970,Aug,8,Q3,38.88,8.554,2.333,25.272,5.054,25.23,297.57,91.16,1.69,141.43
1970,Sep,9,Q3,30.24,6.653,1.814,19.656,3.931,25.27,365.41,90.22,1.8,150
1970,Oct,10,Q4,25.92,5.702,1.555,16.848,3.37,26.3,309.74,89.29,1.91,160.64
1970,Nov,11,Q4,17.28,3.802,1.037,11.232,2.246,27.29,144.59,85.24,2,178.08
1970,Dec,12,Q4,17.28,3.802,1.037,11.232,2.246,27.29,42.13,82.3,2.01,185.82
1971,Jan,1,Q1,22.85,5.027,1.371,14.853,2.971,27.27,45.84,82.2,2,187.66
1971,Feb,2,Q1,27.42,6.032,1.645,17.823,3.565,28.28,67.6,81.26,2.11,192.43
1971,Mar,3,Q1,45.7,10.054,2.742,29.705,5.941,28.26,154.1,84.2,2.2,181.76
1971,Apr,4,Q2,59.41,13.07,3.565,38.617,7.723,28.22,221.79,87.13,2.09,167.18
1971,May,5,Q2,63.98,14.076,3.839,41.587,8.317,27.24,308.64,88.19,2,157.86
1971,Jun,6,Q2,54.84,12.065,3.29,35.646,7.129,26.24,362.56,90.14,1.89,147.34
1971,Jul,7,Q3,45.7,10.054,2.742,29.705,5.941,25.24,385.39,91.2,1.8,139.94
1971,Aug,8,Q3,41.13,9.049,2.468,26.734,5.347,25.23,297.57,91.16,1.69,141.43
1971,Sep,9,Q3,31.99,7.038,1.919,20.794,4.159,25.27,365.41,90.22,1.8,150
1971,Oct,10,Q4,27.42,6.032,1.645,17.823,3.565,26.3,309.74,89.29,1.91,160.64
1971,Nov,11,Q4,18.28,4.022,1.097,11.882,2.376,27.29,144.59,85.24,2,178.08
1971,Dec,12,Q4,18.28,4.022,1.097,11.882,2.376,27.29,42.13,82.3,2.01,185.82
1972,Jan,1,Q1,21.6,4.752,1.296,14.04,2.808,27.27,45.84,82.2,2,187.66
1972,Feb,2,Q1,25.92,5.702,1.555,16.848,3.37,28.28,67.6,81.26,2.11,192.43
1972,Mar,3,Q1,43.2,9.504,2.592,28.08,5.616,28.26,154.1,84.2,2.2,181.76
1972,Apr,4,Q2,56.16,12.355,3.37,36.504,7.301,28.22,221.79,87.13,2.09,167.18
1972,May,5,Q2,60.48,13.306,3.629,39.312,7.862,27.24,308.64,88.19,2,157.86
1972,Jun,6,Q2,51.84,11.405,3.11,33.696,6.739,26.24,362.56,90.14,1.89,147.34
1972,Jul,7,Q3,43.2,9.504,2.592,28.08,5.616,25.24,385.39,91.2,1.8,139.94
1972,Aug,8,Q3,38.88,8.554,2.333,25.272,5.054,25.23,297.57,91.16,1.69,141.43
1972,Sep,9,Q3,30.24,6.653,1.814,19.656,3.931,25.27,365.41,90.22,1.8,150
1972,Oct,10,Q4,25.92,5.702,1.555,16.848,3.37,26.3,309.74,89.29,1.91,160.64
1972,Nov,11,Q4,17.28,3.802,1.037,11.232,2.246,27.29,144.59,85.24,2,178.08
1972,Dec,12,Q4,17.28,3.802,1.037,11.232,2.246,27.29,42.13,82.3,2.01,185.82
1973,Jan,1,Q1,24.15,5.313,1.449,15.698,3.14,27.27,45.84,82.2,2,187.66
1973,Feb,2,Q1,28.98,6.376,1.739,18.837,3.767,28.28,67.6,81.26,2.11,192.43
1973,Mar,3,Q1,48.3,10.626,2.898,31.395,6.279,28.26,154.1,84.2,2.2,181.76
1973,Apr,4,Q2,62.79,13.814,3.767,40.813,8.163,28.22,221.79,87.13,2.09,167.18
1973,May,5,Q2,67.62,14.876,4.057,43.953,8.791,27.24,308.64,88.19,2,157.86
1973,Jun,6,Q2,57.96,12.751,3.478,37.674,7.535,26.24,362.56,90.14,1.89,147.34
1973,Jul,7,Q3,48.3,10.626,2.898,31.395,6.279,25.24,385.39,91.2,1.8,139.94
1973,Aug,8,Q3,43.47,9.563,2.608,28.256,5.651,25.23,297.57,91.16,1.69,141.43
1973,Sep,9,Q3,33.81,7.438,2.029,21.977,4.395,25.27,365.41,90.22,1.8,150
1973,Oct,10,Q4,28.98,6.376,1.739,18.837,3.767,26.3,309.74,89.29,1.91,160.64
1973,Nov,11,Q4,19.32,4.25,1.159,12.558,2.512,27.29,144.59,85.24,2,178.08
1973,Dec,12,Q4,19.32,4.25,1.159,12.558,2.512,27.29,42.13,82.3,2.01,185.82
1974,Jan,1,Q1,25,5.5,1.5,16.25,3.25,27.27,45.84,82.2,2,187.66
1974,Feb,2,Q1,30,6.6,1.8,19.5,3.9,28.28,67.6,81.26,2.11,192.43
1974,Mar,3,Q1,50,11,3,32.5,6.5,28.26,154.1,84.2,2.2,181.76
1974,Apr,4,Q2,65,14.3,3.9,42.25,8.45,28.22,221.79,87.13,2.09,167.18
1974,May,5,Q2,70,15.4,4.2,45.5,9.1,27.24,308.64,88.19,2,157.86
1974,Jun,6,Q2,60,13.2,3.6,39,7.8,26.24,362.56,90.14,1.89,147.34
1974,Jul,7,Q3,50,11,3,32.5,6.5,25.24,385.39,91.2,1.8,139.94
1974,Aug,8,Q3,45,9.9,2.7,29.25,5.85,25.23,297.57,91.16,1.69,141.43
1974,Sep,9,Q3,35,7.7,2.1,22.75,4.55,25.27,365.41,90.22,1.8,150
1974,Oct,10,Q4,30,6.6,1.8,19.5,3.9,26.3,309.74,89.29,1.91,160.64
1974,Nov,11,Q4,20,4.4,1.2,13,2.6,27.29,144.59,85.24,2,178.08
1974,Dec,12,Q4,20,4.4,1.2,13,2.6,27.29,42.13,82.3,2.01,185.82
1975,Jan,1,Q1,25.5,5.61,1.53,16.575,3.315,27.27,45.84,82.2,2,187.66
1975,Feb,2,Q1,30.6,6.732,1.836,19.89,3.978,28.28,67.6,81.26,2.11,192.43
1975,Mar,3,Q1,51,11.22,3.06,33.15,6.63,28.26,154.1,84.2,2.2,181.76
1975,Apr,4,Q2,66.3,14.586,3.978,43.095,8.619,28.22,221.79,87.13,2.09,167.18
1975,May,5,Q2,71.4,15.708,4.284,46.41,9.282,27.24,308.64,88.19,2,157.86
1975,Jun,6,Q2,61.2,13.464,3.672,39.78,7.956,26.24,362.56,90.14,1.89,147.34
1975,Jul,7,Q3,51,11.22,3.06,33.15,6.63,25.24,385.39,91.2,1.8,139.94
1975,Aug,8,Q3,45.9,10.098,2.754,29.835,5.967,25.23,297.57,91.16,1.69,141.43
1975,Sep,9,Q3,35.7,7.854,2.142,23.205,4.641,25.27,365.41,90.22,1.8,150
1975,Oct,10,Q4,30.6,6.732,1.836,19.89,3.978,26.3,309.74,89.29,1.91,160.64
1975,Nov,11,Q4,20.4,4.488,1.224,13.26,2.652,27.29,144.59,85.24,2,178.08
1975,Dec,12,Q4,20.4,4.488,1.224,13.26,2.652,27.29,42.13,82.3,2.01,185.82
1976,Jan,1,Q1,25.5,5.61,1.53,16.575,3.315,27.27,45.84,82.2,2,187.66
1976,Feb,2,Q1,30.6,6.732,1.836,19.89,3.978,28.28,67.6,81.26,2.11,192.43
1976,Mar,3,Q1,51,11.22,3.06,33.15,6.63,28.26,154.1,84.2,2.2,181.76
1976,Apr,4,Q2,66.3,14.586,3.978,43.095,8.619,28.22,221.79,87.13,2.09,167.18
1976,May,5,Q2,71.4,15.708,4.284,46.41,9.282,27.24,308.64,88.19,2,157.86
1976,Jun,6,Q2,61.2,13.464,3.672,39.78,7.956,26.24,362.56,90.14,1.89,147.34
1976,Jul,7,Q3,51,11.22,3.06,33.15,6.63,25.24,385.39,91.2,1.8,139.94
1976,Aug,8,Q3,45.9,10.098,2.754,29.835,5.967,25.23,297.57,91.16,1.69,141.43
1976,Sep,9,Q3,35.7,7.854,2.142,23.205,4.641,25.27,365.41,90.22,1.8,150
1976,Oct,10,Q4,30.6,6.732,1.836,19.89,3.978,26.3,309.74,89.29,1.91,160.64
1976,Nov,11,Q4,20.4,4.488,1.224,13.26,2.652,27.29,144.59,85.24,2,178.08
1976,Dec,12,Q4,20.4,4.488,1.224,13.26,2.652,27.29,42.13,82.3,2.01,185.82
1977,Jan,1,Q1,25.75,5.665,1.545,16.738,3.348,27.27,45.84,82.2,2,187.66
1977,Feb,2,Q1,30.9,6.798,1.854,20.085,4.017,28.28,67.6,81.26,2.11,192.43
1977,Mar,3,Q1,51.5,11.33,3.09,33.475,6.695,28.26,154.1,84.2,2.2,181.76
1977,Apr,4,Q2,66.95,14.729,4.017,43.518,8.704,28.22,221.79,87.13,2.09,167.18
1977,May,5,Q2,72.1,15.862,4.326,46.865,9.373,27.24,308.64,88.19,2,157.86
1977,Jun,6,Q2,61.8,13.596,3.708,40.17,8.034,26.24,362.56,90.14,1.89,147.34
1977,Jul,7,Q3,51.5,11.33,3.09,33.475,6.695,25.24,385.39,91.2,1.8,139.94
1977,Aug,8,Q3,46.35,10.197,2.781,30.128,6.026,25.23,297.57,91.16,1.69,141.43
1977,Sep,9,Q3,36.05,7.931,2.163,23.433,4.687,25.27,365.41,90.22,1.8,150
1977,Oct,10,Q4,30.9,6.798,1.854,20.085,4.017,26.3,309.74,89.29,1.91,160.64
1977,Nov,11,Q4,20.6,4.532,1.236,13.39,2.678,27.29,144.59,85.24,2,178.08
1977,Dec,12,Q4,20.6,4.532,1.236,13.39,2.678,27.29,42.13,82.3,2.01,185.82
1978,Jan,1,Q1,25,5.5,1.5,16.25,3.25,27.27,45.84,82.2,2,187.66
1978,Feb,2,Q1,30,6.6,1.8,19.5,3.9,28.28,67.6,81.26,2.11,192.43
1978,Mar,3,Q1,50,11,3,32.5,6.5,28.26,154.1,84.2,2.2,181.76
1978,Apr,4,Q2,65,14.3,3.9,42.25,8.45,28.22,221.79,87.13,2.09,167.18
1978,May,5,Q2,70,15.4,4.2,45.5,9.1,27.24,308.64,88.19,2,157.86
1978,Jun,6,Q2,60,13.2,3.6,39,7.8,26.24,362.56,90.14,1.89,147.34
1978,Jul,7,Q3,50,11,3,32.5,6.5,25.24,385.39,91.2,1.8,139.94
1978,Aug,8,Q3,45,9.9,2.7,29.25,5.85,25.23,297.57,91.16,1.69,141.43
1978,Sep,9,Q3,35,7.7,2.1,22.75,4.55,25.27,365.41,90.22,1.8,150
1978,Oct,10,Q4,30,6.6,1.8,19.5,3.9,26.3,309.74,89.29,1.91,160.64
1978,Nov,11,Q4,20,4.4,1.2,13,2.6,27.29,144.59,85.24,2,178.08
1978,Dec,12,Q4,20,4.4,1.2,13,2.6,27.29,42.13,82.3,2.01,185.82
1979,Jan,1,Q1,26,5.72,1.56,16.9,3.38,27.27,45.84,82.2,2,187.66
1979,Feb,2,Q1,31.2,6.864,1.872,20.28,4.056,28.28,67.6,81.26,2.11,192.43
1979,Mar,3,Q1,52,11.44,3.12,33.8,6.76,28.26,154.1,84.2,2.2,181.76
1979,Apr,4,Q2,67.6,14.872,4.056,43.94,8.788,28.22,221.79,87.13,2.09,167.18
1979,May,5,Q2,72.8,16.016,4.368,47.32,9.464,27.24,308.64,88.19,2,157.86
1979,Jun,6,Q2,62.4,13.728,3.744,40.56,8.112,26.24,362.56,90.14,1.89,147.34
1979,Jul,7,Q3,52,11.44,3.12,33.8,6.76,25.24,385.39,91.2,1.8,139.94
1979,Aug,8,Q3,46.8,10.296,2.808,30.42,6.084,25.23,297.57,91.16,1.69,141.43
1979,Sep,9,Q3,36.4,8.008,2.184,23.66,4.732,25.27,365.41,90.22,1.8,150
1979,Oct,10,Q4,31.2,6.864,1.872,20.28,4.056,26.3,309.74,89.29,1.91,160.64
1979,Nov,11,Q4,20.8,4.576,1.248,13.52,2.704,27.29,144.59,85.24,2,178.08
1979,Dec,12,Q4,20.8,4.576,1.248,13.52,2.704,27.29,42.13,82.3,2.01,185.82
1980,Jan,1,Q1,26,5.72,1.56,16.9,3.38,27.27,45.84,82.2,2,187.66
1980,Feb,2,Q1,31.2,6.864,1.872,20.28,4.056,28.28,67.6,81.26,2.11,192.43
1980,Mar,3,Q1,52,11.44,3.12,33.8,6.76,28.26,154.1,84.2,2.2,181.76
1980,Apr,4,Q2,67.6,14.872,4.056,43.94,8.788,28.22,221.79,87.13,2.09,167.18
1980,May,5,Q2,72.8,16.016,4.368,47.32,9.464,27.24,308.64,88.19,2,157.86
1980,Jun,6,Q2,62.4,13.728,3.744,40.56,8.112,26.24,362.56,90.14,1.89,147.34
1980,Jul,7,Q3,52,11.44,3.12,33.8,6.76,25.24,385.39,91.2,1.8,139.94
1980,Aug,8,Q3,46.8,10.296,2.808,30.42,6.084,25.23,297.57,91.16,1.69,141.43
1980,Sep,9,Q3,36.4,8.008,2.184,23.66,4.732,25.27,365.41,90.22,1.8,150
1980,Oct,10,Q4,31.2,6.864,1.872,20.28,4.056,26.3,309.74,89.29,1.91,160.64
1980,Nov,11,Q4,20.8,4.576,1.248,13.52,2.704,27.29,144.59,85.24,2,178.08
1980,Dec,12,Q4,20.8,4.576,1.248,13.52,2.704,27.29,42.13,82.3,2.01,185.82
1981,Jan,1,Q1,26.25,5.775,1.575,17.062,3.413,27.27,45.84,82.2,2,187.66
1981,Feb,2,Q1,31.5,6.93,1.89,20.475,4.095,28.28,67.6,81.26,2.11,192.43
1981,Mar,3,Q1,52.5,11.55,3.15,34.125,6.825,28.26,154.1,84.2,2.2,181.76
1981,Apr,4,Q2,68.25,15.015,4.095,44.363,8.873,28.22,221.79,87.13,2.09,167.18
1981,May,5,Q2,73.5,16.17,4.41,47.775,9.555,27.24,308.64,88.19,2,157.86
1981,Jun,6,Q2,63,13.86,3.78,40.95,8.19,26.24,362.56,90.14,1.89,147.34
1981,Jul,7,Q3,52.5,11.55,3.15,34.125,6.825,25.24,385.39,91.2,1.8,139.94
1981,Aug,8,Q3,47.25,10.395,2.835,30.713,6.143,25.23,297.57,91.16,1.69,141.43
1981,Sep,9,Q3,36.75,8.085,2.205,23.887,4.777,25.27,365.41,90.22,1.8,150
1981,Oct,10,Q4,31.5,6.93,1.89,20.475,4.095,26.3,309.74,89.29,1.91,160.64
1981,Nov,11,Q4,21,4.62,1.26,13.65,2.73,27.29,144.59,85.24,2,178.08
1981,Dec,12,Q4,21,4.62,1.26,13.65,2.73,27.29,42.13,82.3,2.01,185.82
1982,Jan,1,Q1,26.5,5.83,1.59,17.225,3.445,27.27,45.84,82.2,2,187.66
1982,Feb,2,Q1,31.8,6.996,1.908,20.67,4.134,28.28,67.6,81.26,2.11,192.43
1982,Mar,3,Q1,53,11.66,3.18,34.45,6.89,28.26,154.1,84.2,2.2,181.76
1982,Apr,4,Q2,68.9,15.158,4.134,44.785,8.957,28.22,221.79,87.13,2.09,167.18
1982,May,5,Q2,74.2,16.324,4.452,48.23,9.646,27.24,308.64,88.19,2,157.86
1982,Jun,6,Q2,63.6,13.992,3.816,41.34,8.268,26.24,362.56,90.14,1.89,147.34
1982,Jul,7,Q3,53,11.66,3.18,34.45,6.89,25.24,385.39,91.2,1.8,139.94
1982,Aug,8,Q3,47.7,10.494,2.862,31.005,6.201,25.23,297.57,91.16,1.69,141.43
1982,Sep,9,Q3,37.1,8.162,2.226,24.115,4.823,25.27,365.41,90.22,1.8,150
1982,Oct,10,Q4,31.8,6.996,1.908,20.67,4.134,26.3,309.74,89.29,1.91,160.64
1982,Nov,11,Q4,21.2,4.664,1.272,13.78,2.756,27.29,144.59,85.24,2,178.08
1982,Dec,12,Q4,21.2,4.664,1.272,13.78,2.756,27.29,42.13,82.3,2.01,185.82
1983,Jan,1,Q1,27,5.94,1.62,17.55,3.51,27.27,45.84,82.2,2,187.66
1983,Feb,2,Q1,32.4,7.128,1.944,21.06,4.212,28.28,67.6,81.26,2.11,192.43
1983,Mar,3,Q1,54,11.88,3.24,35.1,7.02,28.26,154.1,84.2,2.2,181.76
1983,Apr,4,Q2,70.2,15.444,4.212,45.63,9.126,28.22,221.79,87.13,2.09,167.18
1983,May,5,Q2,75.6,16.632,4.536,49.14,9.828,27.24,308.64,88.19,2,157.86
1983,Jun,6,Q2,64.8,14.256,3.888,42.12,8.424,26.24,362.56,90.14,1.89,147.34
1983,Jul,7,Q3,54,11.88,3.24,35.1,7.02,25.24,385.39,91.2,1.8,139.94
1983,Aug,8,Q3,48.6,10.692,2.916,31.59,6.318,25.23,297.57,91.16,1.69,141.43
1983,Sep,9,Q3,37.8,8.316,2.268,24.57,4.914,25.27,365.41,90.22,1.8,150
1983,Oct,10,Q4,32.4,7.128,1.944,21.06,4.212,26.3,309.74,89.29,1.91,160.64
1983,Nov,11,Q4,21.6,4.752,1.296,14.04,2.808,27.29,144.59,85.24,2,178.08
1983,Dec,12,Q4,21.6,4.752,1.296,14.04,2.808,27.29,42.13,82.3,2.01,185.82
1984,Jan,1,Q1,27.5,6.05,1.65,17.875,3.575,27.27,45.84,82.2,2,187.66
1984,Feb,2,Q1,33,7.26,1.98,21.45,4.29,28.28,67.6,81.26,2.11,192.43
1984,Mar,3,Q1,55,12.1,3.3,35.75,7.15,28.26,154.1,84.2,2.2,181.76
1984,Apr,4,Q2,71.5,15.73,4.29,46.475,9.295,28.22,221.79,87.13,2.09,167.18
1984,May,5,Q2,77,16.94,4.62,50.05,10.01,27.24,308.64,88.19,2,157.86
1984,Jun,6,Q2,66,14.52,3.96,42.9,8.58,26.24,362.56,90.14,1.89,147.34
1984,Jul,7,Q3,55,12.1,3.3,35.75,7.15,25.24,385.39,91.2,1.8,139.94
1984,Aug,8,Q3,49.5,10.89,2.97,32.175,6.435,25.23,297.57,91.16,1.69,141.43
1984,Sep,9,Q3,38.5,8.47,2.31,25.025,5.005,25.27,365.41,90.22,1.8,150
1984,Oct,10,Q4,33,7.26,1.98,21.45,4.29,26.3,309.74,89.29,1.91,160.64
1984,Nov,11,Q4,22,4.84,1.32,14.3,2.86,27.29,144.59,85.24,2,178.08
1984,Dec,12,Q4,22,4.84,1.32,14.3,2.86,27.29,42.13,82.3,2.01,185.82
1985,Jan,1,Q1,30,6.6,1.8,19.5,3.9,27.27,45.84,82.2,2,187.66
1985,Feb,2,Q1,36,7.92,2.16,23.4,4.68,28.28,67.6,81.26,2.11,192.43
1985,Mar,3,Q1,60,13.2,3.6,39,7.8,28.26,154.1,84.2,2.2,181.76
1985,Apr,4,Q2,78,17.16,4.68,50.7,10.14,28.22,221.79,87.13,2.09,167.18
1985,May,5,Q2,84,18.48,5.04,54.6,10.92,27.24,308.64,88.19,2,157.86
1985,Jun,6,Q2,72,15.84,4.32,46.8,9.36,26.24,362.56,90.14,1.89,147.34
1985,Jul,7,Q3,60,13.2,3.6,39,7.8,25.24,385.39,91.2,1.8,139.94
1985,Aug,8,Q3,54,11.88,3.24,35.1,7.02,25.23,297.57,91.16,1.69,141.43
1985,Sep,9,Q3,42,9.24,2.52,27.3,5.46,25.27,365.41,90.22,1.8,150
1985,Oct,10,Q4,36,7.92,2.16,23.4,4.68,26.3,309.74,89.29,1.91,160.64
1985,Nov,11,Q4,24,5.28,1.44,15.6,3.12,27.29,144.59,85.24,2,178.08
1985,Dec,12,Q4,24,5.28,1.44,15.6,3.12,27.29,42.13,82.3,2.01,185.82
1986,Jan,1,Q1,32.5,7.15,1.95,21.125,4.225,27.27,45.84,82.2,2,187.66
1986,Feb,2,Q1,39,8.58,2.34,25.35,5.07,28.28,67.6,81.26,2.11,192.43
1986,Mar,3,Q1,65,14.3,3.9,42.25,8.45,28.26,154.1,84.2,2.2,181.76
1986,Apr,4,Q2,84.5,18.59,5.07,54.925,10.985,28.22,221.79,87.13,2.09,167.18
1986,May,5,Q2,91,20.02,5.46,59.15,11.83,27.24,308.64,88.19,2,157.86
1986,Jun,6,Q2,78,17.16,4.68,50.7,10.14,26.24,362.56,90.14,1.89,147.34
1986,Jul,7,Q3,65,14.3,3.9,42.25,8.45,25.24,385.39,91.2,1.8,139.94
1986,Aug,8,Q3,58.5,12.87,3.51,38.025,7.605,25.23,297.57,91.16,1.69,141.43
1986,Sep,9,Q3,45.5,10.01,2.73,29.575,5.915,25.27,365.41,90.22,1.8,150
1986,Oct,10,Q4,39,8.58,2.34,25.35,5.07,26.3,309.74,89.29,1.91,160.64
1986,Nov,11,Q4,26,5.72,1.56,16.9,3.38,27.29,144.59,85.24,2,178.08
1986,Dec,12,Q4,26,5.72,1.56,16.9,3.38,27.29,42.13,82.3,2.01,185.82
1987,Jan,1,Q1,32,7.04,1.92,20.8,4.16,27.27,45.84,82.2,2,187.66
1987,Feb,2,Q1,38.4,8.448,2.304,24.96,4.992,28.28,67.6,81.26,2.11,192.43
1987,Mar,3,Q1,64,14.08,3.84,41.6,8.32,28.26,154.1,84.2,2.2,181.76
1987,Apr,4,Q2,83.2,18.304,4.992,54.08,10.816,28.22,221.79,87.13,2.09,167.18
1987,May,5,Q2,89.6,19.712,5.376,58.24,11.648,27.24,308.64,88.19,2,157.86
1987,Jun,6,Q2,76.8,16.896,4.608,49.92,9.984,26.24,362.56,90.14,1.89,147.34
1987,Jul,7,Q3,64,14.08,3.84,41.6,8.32,25.24,385.39,91.2,1.8,139.94
1987,Aug,8,Q3,57.6,12.672,3.456,37.44,7.488,25.23,297.57,91.16,1.69,141.43
1987,Sep,9,Q3,44.8,9.856,2.688,29.12,5.824,25.27,365.41,90.22,1.8,150
1987,Oct,10,Q4,38.4,8.448,2.304,24.96,4.992,26.3,309.74,89.29,1.91,160.64
1987,Nov,11,Q4,25.6,5.632,1.536,16.64,3.328,27.29,144.59,85.24,2,178.08
1987,Dec,12,Q4,25.6,5.632,1.536,16.64,3.328,27.29,42.13,82.3,2.01,185.82
1988,Jan,1,Q1,30,6.6,1.8,19.5,3.9,27.27,45.84,82.2,2,187.66
1988,Feb,2,Q1,36,7.92,2.16,23.4,4.68,28.28,67.6,81.26,2.11,192.43
1988,Mar,3,Q1,60,13.2,3.6,39,7.8,28.26,154.1,84.2,2.2,181.76
1988,Apr,4,Q2,78,17.16,4.68,50.7,10.14,28.22,221.79,87.13,2.09,167.18
1988,May,5,Q2,84,18.48,5.04,54.6,10.92,27.24,308.64,88.19,2,157.86
1988,Jun,6,Q2,72,15.84,4.32,46.8,9.36,26.24,362.56,90.14,1.89,147.34
1988,Jul,7,Q3,60,13.2,3.6,39,7.8,25.24,385.39,91.2,1.8,139.94
1988,Aug,8,Q3,54,11.88,3.24,35.1,7.02,25.23,297.57,91.16,1.69,141.43
1988,Sep,9,Q3,42,9.24,2.52,27.3,5.46,25.27,365.41,90.22,1.8,150
1988,Oct,10,Q4,36,7.92,2.16,23.4,4.68,26.3,309.74,89.29,1.91,160.64
1988,Nov,11,Q4,24,5.28,1.44,15.6,3.12,27.29,144.59,85.24,2,178.08
1988,Dec,12,Q4,24,5.28,1.44,15.6,3.12,27.29,42.13,82.3,2.01,185.82
1989,Jan,1,Q1,25,5.5,1.5,16.25,3.25,27.27,45.84,82.2,2,187.66
1989,Feb,2,Q1,30,6.6,1.8,19.5,3.9,28.28,67.6,81.26,2.11,192.43
1989,Mar,3,Q1,50,11,3,32.5,6.5,28.26,154.1,84.2,2.2,181.76
1989,Apr,4,Q2,65,14.3,3.9,42.25,8.45,28.22,221.79,87.13,2.09,167.18
1989,May,5,Q2,70,15.4,4.2,45.5,9.1,27.24,308.64,88.19,2,157.86
1989,Jun,6,Q2,60,13.2,3.6,39,7.8,26.24,362.56,90.14,1.89,147.34
1989,Jul,7,Q3,50,11,3,32.5,6.5,25.24,385.39,91.2,1.8,139.94
1989,Aug,8,Q3,45,9.9,2.7,29.25,5.85,25.23,297.57,91.16,1.69,141.43
1989,Sep,9,Q3,35,7.7,2.1,22.75,4.55,25.27,365.41,90.22,1.8,150
1989,Oct,10,Q4,30,6.6,1.8,19.5,3.9,26.3,309.74,89.29,1.91,160.64
1989,Nov,11,Q4,20,4.4,1.2,13,2.6,27.29,144.59,85.24,2,178.08
1989,Dec,12,Q4,20,4.4,1.2,13,2.6,27.29,42.13,82.3,2.01,185.82
1990,Jan,1,Q1,30,6.6,1.8,19.5,3.9,27.27,45.84,82.2,2,187.66
1990,Feb,2,Q1,36,7.92,2.16,23.4,4.68,28.28,67.6,81.26,2.11,192.43
1990,Mar,3,Q1,60,13.2,3.6,39,7.8,28.26,154.1,84.2,2.2,181.76
1990,Apr,4,Q2,78,17.16,4.68,50.7,10.14,28.22,221.79,87.13,2.09,167.18
1990,May,5,Q2,84,18.48,5.04,54.6,10.92,27.24,308.64,88.19,2,157.86
1990,Jun,6,Q2,72,15.84,4.32,46.8,9.36,26.24,362.56,90.14,1.89,147.34
1990,Jul,7,Q3,60,13.2,3.6,39,7.8,25.24,385.39,91.2,1.8,139.94
1990,Aug,8,Q3,54,11.88,3.24,35.1,7.02,25.23,297.57,91.16,1.69,141.43
1990,Sep,9,Q3,42,9.24,2.52,27.3,5.46,25.27,365.41,90.22,1.8,150
1990,Oct,10,Q4,36,7.92,2.16,23.4,4.68,26.3,309.74,89.29,1.91,160.64
1990,Nov,11,Q4,24,5.28,1.44,15.6,3.12,27.29,144.59,85.24,2,178.08
1990,Dec,12,Q4,24,5.28,1.44,15.6,3.12,27.29,42.13,82.3,2.01,185.82
1991,Jan,1,Q1,31.5,6.93,1.89,20.475,4.095,27.27,45.84,82.2,2,187.66
1991,Feb,2,Q1,37.8,8.316,2.268,24.57,4.914,28.28,67.6,81.26,2.11,192.43
1991,Mar,3,Q1,63,13.86,3.78,40.95,8.19,28.26,154.1,84.2,2.2,181.76
1991,Apr,4,Q2,81.9,18.018,4.914,53.235,10.647,28.22,221.79,87.13,2.09,167.18
1991,May,5,Q2,88.2,19.404,5.292,57.33,11.466,27.24,308.64,88.19,2,157.86
1991,Jun,6,Q2,75.6,16.632,4.536,49.14,9.828,26.24,362.56,90.14,1.89,147.34
1991,Jul,7,Q3,63,13.86,3.78,40.95,8.19,25.24,385.39,91.2,1.8,139.94
1991,Aug,8,Q3,56.7,12.474,3.402,36.855,7.371,25.23,297.57,91.16,1.69,141.43
1991,Sep,9,Q3,44.1,9.702,2.646,28.665,5.733,25.27,365.41,90.22,1.8,150
1991,Oct,10,Q4,37.8,8.316,2.268,24.57,4.914,26.3,309.74,89.29,1.91,160.64
1991,Nov,11,Q4,25.2,5.544,1.512,16.38,3.276,27.29,144.59,85.24,2,178.08
1991,Dec,12,Q4,25.2,5.544,1.512,16.38,3.276,27.29,42.13,82.3,2.01,185.82
1992,Jan,1,Q1,32.5,7.15,1.95,21.125,4.225,27.27,45.84,82.2,2,187.66
1992,Feb,2,Q1,39,8.58,2.34,25.35,5.07,28.28,67.6,81.26,2.11,192.43
1992,Mar,3,Q1,65,14.3,3.9,42.25,8.45,28.26,154.1,84.2,2.2,181.76
1992,Apr,4,Q2,84.5,18.59,5.07,54.925,10.985,28.22,221.79,87.13,2.09,167.18
1992,May,5,Q2,91,20.02,5.46,59.15,11.83,27.24,308.64,88.19,2,157.86
1992,Jun,6,Q2,78,17.16,4.68,50.7,10.14,26.24,362.56,90.14,1.89,147.34
1992,Jul,7,Q3,65,14.3,3.9,42.25,8.45,25.24,385.39,91.2,1.8,139.94
1992,Aug,8,Q3,58.5,12.87,3.51,38.025,7.605,25.23,297.57,91.16,1.69,141.43
1992,Sep,9,Q3,45.5,10.01,2.73,29.575,5.915,25.27,365.41,90.22,1.8,150
1992,Oct,10,Q4,39,8.58,2.34,25.35,5.07,26.3,309.74,89.29,1.91,160.64
1992,Nov,11,Q4,26,5.72,1.56,16.9,3.38,27.29,144.59,85.24,2,178.08
1992,Dec,12,Q4,26,5.72,1.56,16.9,3.38,27.29,42.13,82.3,2.01,185.82
1993,Jan,1,Q1,30,6.6,1.8,19.5,3.9,27.27,45.84,82.2,2,187.66
1993,Feb,2,Q1,36,7.92,2.16,23.4,4.68,28.28,67.6,81.26,2.11,192.43
1993,Mar,3,Q1,60,13.2,3.6,39,7.8,28.26,154.1,84.2,2.2,181.76
1993,Apr,4,Q2,78,17.16,4.68,50.7,10.14,28.22,221.79,87.13,2.09,167.18
1993,May,5,Q2,84,18.48,5.04,54.6,10.92,27.24,308.64,88.19,2,157.86
1993,Jun,6,Q2,72,15.84,4.32,46.8,9.36,26.24,362.56,90.14,1.89,147.34
1993,Jul,7,Q3,60,13.2,3.6,39,7.8,25.24,385.39,91.2,1.8,139.94
1993,Aug,8,Q3,54,11.88,3.24,35.1,7.02,25.23,297.57,91.16,1.69,141.43
1993,Sep,9,Q3,42,9.24,2.52,27.3,5.46,25.27,365.41,90.22,1.8,150
1993,Oct,10,Q4,36,7.92,2.16,23.4,4.68,26.3,309.74,89.29,1.91,160.64
1993,Nov,11,Q4,24,5.28,1.44,15.6,3.12,27.29,144.59,85.24,2,178.08
1993,Dec,12,Q4,24,5.28,1.44,15.6,3.12,27.29,42.13,82.3,2.01,185.82
1994,Jan,1,Q1,28.5,6.27,1.71,18.525,3.705,27.27,45.84,82.2,2,187.66
1994,Feb,2,Q1,34.2,7.524,2.052,22.23,4.446,28.28,67.6,81.26,2.11,192.43
1994,Mar,3,Q1,57,12.54,3.42,37.05,7.41,28.26,154.1,84.2,2.2,181.76
1994,Apr,4,Q2,74.1,16.302,4.446,48.165,9.633,28.22,221.79,87.13,2.09,167.18
1994,May,5,Q2,79.8,17.556,4.788,51.87,10.374,27.24,308.64,88.19,2,157.86
1994,Jun,6,Q2,68.4,15.048,4.104,44.46,8.892,26.24,362.56,90.14,1.89,147.34
1994,Jul,7,Q3,57,12.54,3.42,37.05,7.41,25.24,385.39,91.2,1.8,139.94
1994,Aug,8,Q3,51.3,11.286,3.078,33.345,6.669,25.23,297.57,91.16,1.69,141.43
1994,Sep,9,Q3,39.9,8.778,2.394,25.935,5.187,25.27,365.41,90.22,1.8,150
1994,Oct,10,Q4,34.2,7.524,2.052,22.23,4.446,26.3,309.74,89.29,1.91,160.64
1994,Nov,11,Q4,22.8,5.016,1.368,14.82,2.964,27.29,144.59,85.24,2,178.08
1994,Dec,12,Q4,22.8,5.016,1.368,14.82,2.964,27.29,42.13,82.3,2.01,185.82
1995,Jan,1,Q1,29.5,6.49,1.77,19.175,3.835,27.27,45.84,82.2,2,187.66
1995,Feb,2,Q1,35.4,7.788,2.124,23.01,4.602,28.28,67.6,81.26,2.11,192.43
1995,Mar,3,Q1,59,12.98,3.54,38.35,7.67,28.26,154.1,84.2,2.2,181.76
1995,Apr,4,Q2,76.7,16.874,4.602,49.855,9.971,28.22,221.79,87.13,2.09,167.18
1995,May,5,Q2,82.6,18.172,4.956,53.69,10.738,27.24,308.64,88.19,2,157.86
1995,Jun,6,Q2,70.8,15.576,4.248,46.02,9.204,26.24,362.56,90.14,1.89,147.34
1995,Jul,7,Q3,59,12.98,3.54,38.35,7.67,25.24,385.39,91.2,1.8,139.94
1995,Aug,8,Q3,53.1,11.682,3.186,34.515,6.903,25.23,297.57,91.16,1.69,141.43
1995,Sep,9,Q3,41.3,9.086,2.478,26.845,5.369,25.27,365.41,90.22,1.8,150
1995,Oct,10,Q4,35.4,7.788,2.124,23.01,4.602,26.3,309.74,89.29,1.91,160.64
1995,Nov,11,Q4,23.6,5.192,1.416,15.34,3.068,27.29,144.59,85.24,2,178.08
1995,Dec,12,Q4,23.6,5.192,1.416,15.34,3.068,27.29,42.13,82.3,2.01,185.82
1996,Jan,1,Q1,30,6.6,1.8,19.5,3.9,27.27,45.84,82.2,2,187.66
1996,Feb,2,Q1,36,7.92,2.16,23.4,4.68,28.28,67.6,81.26,2.11,192.43
1996,Mar,3,Q1,60,13.2,3.6,39,7.8,28.26,154.1,84.2,2.2,181.76
1996,Apr,4,Q2,78,17.16,4.68,50.7,10.14,28.22,221.79,87.13,2.09,167.18
1996,May,5,Q2,84,18.48,5.04,54.6,10.92,27.24,308.64,88.19,2,157.86
1996,Jun,6,Q2,72,15.84,4.32,46.8,9.36,26.24,362.56,90.14,1.89,147.34
1996,Jul,7,Q3,60,13.2,3.6,39,7.8,25.24,385.39,91.2,1.8,139.94
1996,Aug,8,Q3,54,11.88,3.24,35.1,7.02,25.23,297.57,91.16,1.69,141.43
1996,Sep,9,Q3,42,9.24,2.52,27.3,5.46,25.27,365.41,90.22,1.8,150
1996,Oct,10,Q4,36,7.92,2.16,23.4,4.68,26.3,309.74,89.29,1.91,160.64
1996,Nov,11,Q4,24,5.28,1.44,15.6,3.12,27.29,144.59,85.24,2,178.08
1996,Dec,12,Q4,24,5.28,1.44,15.6,3.12,27.29,42.13,82.3,2.01,185.82
1997,Jan,1,Q1,32.5,7.15,1.95,21.125,4.225,27.27,45.84,82.2,2,187.66
1997,Feb,2,Q1,39,8.58,2.34,25.35,5.07,28.28,67.6,81.26,2.11,192.43
1997,Mar,3,Q1,65,14.3,3.9,42.25,8.45,28.26,154.1,84.2,2.2,181.76
1997,Apr,4,Q2,84.5,18.59,5.07,54.925,10.985,28.22,221.79,87.13,2.09,167.18
1997,May,5,Q2,91,20.02,5.46,59.15,11.83,27.24,308.64,88.19,2,157.86
1997,Jun,6,Q2,78,17.16,4.68,50.7,10.14,26.24,362.56,90.14,1.89,147.34
1997,Jul,7,Q3,65,14.3,3.9,42.25,8.45,25.24,385.39,91.2,1.8,139.94
1997,Aug,8,Q3,58.5,12.87,3.51,38.025,7.605,25.23,297.57,91.16,1.69,141.43
1997,Sep,9,Q3,45.5,10.01,2.73,29.575,5.915,25.27,365.41,90.22,1.8,150
1997,Oct,10,Q4,39,8.58,2.34,25.35,5.07,26.3,309.74,89.29,1.91,160.64
1997,Nov,11,Q4,26,5.72,1.56,16.9,3.38,27.29,144.59,85.24,2,178.08
1997,Dec,12,Q4,26,5.72,1.56,16.9,3.38,27.29,42.13,82.3,2.01,185.82
1998,Jan,1,Q1,37,8.14,2.22,24.05,4.81,27.27,45.84,82.2,2,187.66
1998,Feb,2,Q1,44.4,9.768,2.664,28.86,5.772,28.28,67.6,81.26,2.11,192.43
1998,Mar,3,Q1,74,16.28,4.44,48.1,9.62,28.26,154.1,84.2,2.2,181.76
1998,Apr,4,Q2,96.2,21.164,5.772,62.53,12.506,28.22,221.79,87.13,2.09,167.18
1998,May,5,Q2,103.6,22.792,6.216,67.34,13.468,27.24,308.64,88.19,2,157.86
1998,Jun,6,Q2,88.8,19.536,5.328,57.72,11.544,26.24,362.56,90.14,1.89,147.34
1998,Jul,7,Q3,74,16.28,4.44,48.1,9.62,25.24,385.39,91.2,1.8,139.94
1998,Aug,8,Q3,66.6,14.652,3.996,43.29,8.658,25.23,297.57,91.16,1.69,141.43
1998,Sep,9,Q3,51.8,11.396,3.108,33.67,6.734,25.27,365.41,90.22,1.8,150
1998,Oct,10,Q4,44.4,9.768,2.664,28.86,5.772,26.3,309.74,89.29,1.91,160.64
1998,Nov,11,Q4,29.6,6.512,1.776,19.24,3.848,27.29,144.59,85.24,2,178.08
1998,Dec,12,Q4,29.6,6.512,1.776,19.24,3.848,27.29,42.13,82.3,2.01,185.82
1999,Jan,1,Q1,38,8.36,2.28,24.7,4.94,27.27,45.84,82.2,2,187.66
1999,Feb,2,Q1,45.6,10.032,2.736,29.64,5.928,28.28,67.6,81.26,2.11,192.43
1999,Mar,3,Q1,76,16.72,4.56,49.4,9.88,28.26,154.1,84.2,2.2,181.76
1999,Apr,4,Q2,98.8,21.736,5.928,64.22,12.844,28.22,221.79,87.13,2.09,167.18
1999,May,5,Q2,106.4,23.408,6.384,69.16,13.832,27.24,308.64,88.19,2,157.86
1999,Jun,6,Q2,91.2,20.064,5.472,59.28,11.856,26.24,362.56,90.14,1.89,147.34
1999,Jul,7,Q3,76,16.72,4.56,49.4,9.88,25.24,385.39,91.2,1.8,139.94
1999,Aug,8,Q3,68.4,15.048,4.104,44.46,8.892,25.23,297.57,91.16,1.69,141.43
1999,Sep,9,Q3,53.2,11.704,3.192,34.58,6.916,25.27,365.41,90.22,1.8,150
1999,Oct,10,Q4,45.6,10.032,2.736,29.64,5.928,26.3,309.74,89.29,1.91,160.64
1999,Nov,11,Q4,30.4,6.688,1.824,19.76,3.952,27.29,144.59,85.24,2,178.08
1999,Dec,12,Q4,30.4,6.688,1.824,19.76,3.952,27.29,42.13,82.3,2.01,185.82
2000,Jan,1,Q1,36.5,8.03,2.19,23.725,4.745,27.27,45.84,82.2,2,187.66
2000,Feb,2,Q1,43.8,9.636,2.628,28.47,5.694,28.28,67.6,81.26,2.11,192.43
2000,Mar,3,Q1,73,16.06,4.38,47.45,9.49,28.26,154.1,84.2,2.2,181.76
2000,Apr,4,Q2,94.9,20.878,5.694,61.685,12.337,28.22,221.79,87.13,2.09,167.18
2000,May,5,Q2,102.2,22.484,6.132,66.43,13.286,27.24,308.64,88.19,2,157.86
2000,Jun,6,Q2,87.6,19.272,5.256,56.94,11.388,26.24,362.56,90.14,1.89,147.34
2000,Jul,7,Q3,73,16.06,4.38,47.45,9.49,25.24,385.39,91.2,1.8,139.94
2000,Aug,8,Q3,65.7,14.454,3.942,42.705,8.541,25.23,297.57,91.16,1.69,141.43
2000,Sep,9,Q3,51.1,11.242,3.066,33.215,6.643,25.27,365.41,90.22,1.8,150
2000,Oct,10,Q4,43.8,9.636,2.628,28.47,5.694,26.3,309.74,89.29,1.91,160.64
2000,Nov,11,Q4,29.2,6.424,1.752,18.98,3.796,27.29,144.59,85.24,2,178.08
2000,Dec,12,Q4,29.2,6.424,1.752,18.98,3.796,27.29,42.13,82.3,2.01,185.82
2001,Jan,1,Q1,38,8.36,2.28,24.7,4.94,27.27,45.84,82.2,2,187.66
2001,Feb,2,Q1,45.6,10.032,2.736,29.64,5.928,28.28,67.6,81.26,2.11,192.43
2001,Mar,3,Q1,76,16.72,4.56,49.4,9.88,28.26,154.1,84.2,2.2,181.76
2001,Apr,4,Q2,98.8,21.736,5.928,64.22,12.844,28.22,221.79,87.13,2.09,167.18
2001,May,5,Q2,106.4,23.408,6.384,69.16,13.832,27.24,308.64,88.19,2,157.86
2001,Jun,6,Q2,91.2,20.064,5.472,59.28,11.856,26.24,362.56,90.14,1.89,147.34
2001,Jul,7,Q3,76,16.72,4.56,49.4,9.88,25.24,385.39,91.2,1.8,139.94
2001,Aug,8,Q3,68.4,15.048,4.104,44.46,8.892,25.23,297.57,91.16,1.69,141.43
2001,Sep,9,Q3,53.2,11.704,3.192,34.58,6.916,25.27,365.41,90.22,1.8,150
2001,Oct,10,Q4,45.6,10.032,2.736,29.64,5.928,26.3,309.74,89.29,1.91,160.64
2001,Nov,11,Q4,30.4,6.688,1.824,19.76,3.952,27.29,144.59,85.24,2,178.08
2001,Dec,12,Q4,30.4,6.688,1.824,19.76,3.952,27.29,42.13,82.3,2.01,185.82
2002,Jan,1,Q1,38.5,8.47,2.31,25.025,5.005,27.27,45.84,82.2,2,187.66
2002,Feb,2,Q1,46.2,10.164,2.772,30.03,6.006,28.28,67.6,81.26,2.11,192.43
2002,Mar,3,Q1,77,16.94,4.62,50.05,10.01,28.26,154.1,84.2,2.2,181.76
2002,Apr,4,Q2,100.1,22.022,6.006,65.065,13.013,28.22,221.79,87.13,2.09,167.18
2002,May,5,Q2,107.8,23.716,6.468,70.07,14.014,27.24,308.64,88.19,2,157.86
2002,Jun,6,Q2,92.4,20.328,5.544,60.06,12.012,26.24,362.56,90.14,1.89,147.34
2002,Jul,7,Q3,77,16.94,4.62,50.05,10.01,25.24,385.39,91.2,1.8,139.94
2002,Aug,8,Q3,69.3,15.246,4.158,45.045,9.009,25.23,297.57,91.16,1.69,141.43
2002,Sep,9,Q3,53.9,11.858,3.234,35.035,7.007,25.27,365.41,90.22,1.8,150
2002,Oct,10,Q4,46.2,10.164,2.772,30.03,6.006,26.3,309.74,89.29,1.91,160.64
2002,Nov,11,Q4,30.8,6.776,1.848,20.02,4.004,27.29,144.59,85.24,2,178.08
2002,Dec,12,Q4,30.8,6.776,1.848,20.02,4.004,27.29,42.13,82.3,2.01,185.82
2003,Jan,1,Q1,39,8.58,2.34,25.35,5.07,27.27,45.84,82.2,2,187.66
2003,Feb,2,Q1,46.8,10.296,2.808,30.42,6.084,28.28,67.6,81.26,2.11,192.43
2003,Mar,3,Q1,78,17.16,4.68,50.7,10.14,28.26,154.1,84.2,2.2,181.76
2003,Apr,4,Q2,101.4,22.308,6.084,65.91,13.182,28.22,221.79,87.13,2.09,167.18
2003,May,5,Q2,109.2,24.024,6.552,70.98,14.196,27.24,308.64,88.19,2,157.86
2003,Jun,6,Q2,93.6,20.592,5.616,60.84,12.168,26.24,362.56,90.14,1.89,147.34
2003,Jul,7,Q3,78,17.16,4.68,50.7,10.14,25.24,385.39,91.2,1.8,139.94
2003,Aug,8,Q3,70.2,15.444,4.212,45.63,9.126,25.23,297.57,91.16,1.69,141.43
2003,Sep,9,Q3,54.6,12.012,3.276,35.49,7.098,25.27,365.41,90.22,1.8,150
2003,Oct,10,Q4,46.8,10.296,2.808,30.42,6.084,26.3,309.74,89.29,1.91,160.64
2003,Nov,11,Q4,31.2,6.864,1.872,20.28,4.056,27.29,144.59,85.24,2,178.08
2003,Dec,12,Q4,31.2,6.864,1.872,20.28,4.056,27.29,42.13,82.3,2.01,185.82
2004,Jan,1,Q1,39.5,8.69,2.37,25.675,5.135,27.27,45.84,82.2,2,187.66
2004,Feb,2,Q1,47.4,10.428,2.844,30.81,6.162,28.28,67.6,81.26,2.11,192.43
2004,Mar,3,Q1,79,17.38,4.74,51.35,10.27,28.26,154.1,84.2,2.2,181.76
2004,Apr,4,Q2,102.7,22.594,6.162,66.755,13.351,28.22,221.79,87.13,2.09,167.18
2004,May,5,Q2,110.6,24.332,6.636,71.89,14.378,27.24,308.64,88.19,2,157.86
2004,Jun,6,Q2,94.8,20.856,5.688,61.62,12.324,26.24,362.56,90.14,1.89,147.34
2004,Jul,7,Q3,79,17.38,4.74,51.35,10.27,25.24,385.39,91.2,1.8,139.94
2004,Aug,8,Q3,71.1,15.642,4.266,46.215,9.243,25.23,297.57,91.16,1.69,141.43
2004,Sep,9,Q3,55.3,12.166,3.318,35.945,7.189,25.27,365.41,90.22,1.8,150
2004,Oct,10,Q4,47.4,10.428,2.844,30.81,6.162,26.3,309.74,89.29,1.91,160.64
2004,Nov,11,Q4,31.6,6.952,1.896,20.54,4.108,27.29,144.59,85.24,2,178.08
2004,Dec,12,Q4,31.6,6.952,1.896,20.54,4.108,27.29,42.13,82.3,2.01,185.82
2005,Jan,1,Q1,40,8.8,2.4,26,5.2,27.27,45.84,82.2,2,187.66
2005,Feb,2,Q1,48,10.56,2.88,31.2,6.24,28.28,67.6,81.26,2.11,192.43
2005,Mar,3,Q1,80,17.6,4.8,52,10.4,28.26,154.1,84.2,2.2,181.76
2005,Apr,4,Q2,104,22.88,6.24,67.6,13.52,28.22,221.79,87.13,2.09,167.18
2005,May,5,Q2,112,24.64,6.72,72.8,14.56,27.24,308.64,88.19,2,157.86
2005,Jun,6,Q2,96,21.12,5.76,62.4,12.48,26.24,362.56,90.14,1.89,147.34
2005,Jul,7,Q3,80,17.6,4.8,52,10.4,25.24,385.39,91.2,1.8,139.94
2005,Aug,8,Q3,72,15.84,4.32,46.8,9.36,25.23,297.57,91.16,1.69,141.43
2005,Sep,9,Q3,56,12.32,3.36,36.4,7.28,25.27,365.41,90.22,1.8,150
2005,Oct,10,Q4,48,10.56,2.88,31.2,6.24,26.3,309.74,89.29,1.91,160.64
2005,Nov,11,Q4,32,7.04,1.92,20.8,4.16,27.29,144.59,85.24,2,178.08
2005,Dec,12,Q4,32,7.04,1.92,20.8,4.16,27.29,42.13,82.3,2.01,185.82
2006,Jan,1,Q1,40.5,8.91,2.43,26.325,5.265,27.27,45.84,82.2,2,187.66
2006,Feb,2,Q1,48.6,10.692,2.916,31.59,6.318,28.28,67.6,81.26,2.11,192.43
2006,Mar,3,Q1,81,17.82,4.86,52.65,10.53,28.26,154.1,84.2,2.2,181.76
2006,Apr,4,Q2,105.3,23.166,6.318,68.445,13.689,28.22,221.79,87.13,2.09,167.18
2006,May,5,Q2,113.4,24.948,6.804,73.71,14.742,27.24,308.64,88.19,2,157.86
2006,Jun,6,Q2,97.2,21.384,5.832,63.18,12.636,26.24,362.56,90.14,1.89,147.34
2006,Jul,7,Q3,81,17.82,4.86,52.65,10.53,25.24,385.39,91.2,1.8,139.94
2006,Aug,8,Q3,72.9,16.038,4.374,47.385,9.477,25.23,297.57,91.16,1.69,141.43
2006,Sep,9,Q3,56.7,12.474,3.402,36.855,7.371,25.27,365.41,90.22,1.8,150
2006,Oct,10,Q4,48.6,10.692,2.916,31.59,6.318,26.3,309.74,89.29,1.91,160.64
2006,Nov,11,Q4,32.4,7.128,1.944,21.06,4.212,27.29,144.59,85.24,2,178.08
2006,Dec,12,Q4,32.4,7.128,1.944,21.06,4.212,27.29,42.13,82.3,2.01,185.82
2007,Jan,1,Q1,41,9.02,2.46,26.65,5.33,27.27,45.84,82.2,2,187.66
2007,Feb,2,Q1,49.2,10.824,2.952,31.98,6.396,28.28,67.6,81.26,2.11,192.43
2007,Mar,3,Q1,82,18.04,4.92,53.3,10.66,28.26,154.1,84.2,2.2,181.76
2007,Apr,4,Q2,106.6,23.452,6.396,69.29,13.858,28.22,221.79,87.13,2.09,167.18
2007,May,5,Q2,114.8,25.256,6.888,74.62,14.924,27.24,308.64,88.19,2,157.86
2007,Jun,6,Q2,98.4,21.648,5.904,63.96,12.792,26.24,362.56,90.14,1.89,147.34
2007,Jul,7,Q3,82,18.04,4.92,53.3,10.66,25.24,385.39,91.2,1.8,139.94
2007,Aug,8,Q3,73.8,16.236,4.428,47.97,9.594,25.23,297.57,91.16,1.69,141.43
2007,Sep,9,Q3,57.4,12.628,3.444,37.31,7.462,25.27,365.41,90.22,1.8,150
2007,Oct,10,Q4,49.2,10.824,2.952,31.98,6.396,26.3,309.74,89.29,1.91,160.64
2007,Nov,11,Q4,32.8,7.216,1.968,21.32,4.264,27.29,144.59,85.24,2,178.08
2007,Dec,12,Q4,32.8,7.216,1.968,21.32,4.264,27.29,42.13,82.3,2.01,185.82
2008,Jan,1,Q1,42.5,9.35,2.55,27.625,5.525,27.27,45.84,82.2,2,187.66
2008,Feb,2,Q1,51,11.22,3.06,33.15,6.63,28.28,67.6,81.26,2.11,192.43
2008,Mar,3,Q1,85,18.7,5.1,55.25,11.05,28.26,154.1,84.2,2.2,181.76
2008,Apr,4,Q2,110.5,24.31,6.63,71.825,14.365,28.22,221.79,87.13,2.09,167.18
2008,May,5,Q2,119,26.18,7.14,77.35,15.47,27.24,308.64,88.19,2,157.86
2008,Jun,6,Q2,102,22.44,6.12,66.3,13.26,26.24,362.56,90.14,1.89,147.34
2008,Jul,7,Q3,85,18.7,5.1,55.25,11.05,25.24,385.39,91.2,1.8,139.94
2008,Aug,8,Q3,76.5,16.83,4.59,49.725,9.945,25.23,297.57,91.16,1.69,141.43
2008,Sep,9,Q3,59.5,13.09,3.57,38.675,7.735,25.27,365.41,90.22,1.8,150
2008,Oct,10,Q4,51,11.22,3.06,33.15,6.63,26.3,309.74,89.29,1.91,160.64
2008,Nov,11,Q4,34,7.48,2.04,22.1,4.42,27.29,144.59,85.24,2,178.08
2008,Dec,12,Q4,34,7.48,2.04,22.1,4.42,27.29,42.13,82.3,2.01,185.82
2009,Jan,1,Q1,42.5,9.35,2.55,27.625,5.525,27.27,45.84,82.2,2,187.66
2009,Feb,2,Q1,51,11.22,3.06,33.15,6.63,28.28,67.6,81.26,2.11,192.43
2009,Mar,3,Q1,85,18.7,5.1,55.25,11.05,28.26,154.1,84.2,2.2,181.76
2009,Apr,4,Q2,110.5,24.31,6.63,71.825,14.365,28.22,221.79,87.13,2.09,167.18
2009,May,5,Q2,119,26.18,7.14,77.35,15.47,27.24,308.64,88.19,2,157.86
2009,Jun,6,Q2,102,22.44,6.12,66.3,13.26,26.24,362.56,90.14,1.89,147.34
2009,Jul,7,Q3,85,18.7,5.1,55.25,11.05,25.24,385.39,91.2,1.8,139.94
2009,Aug,8,Q3,76.5,16.83,4.59,49.725,9.945,25.23,297.57,91.16,1.69,141.43
2009,Sep,9,Q3,59.5,13.09,3.57,38.675,7.735,25.27,365.41,90.22,1.8,150
2009,Oct,10,Q4,51,11.22,3.06,33.15,6.63,26.3,309.74,89.29,1.91,160.64
2009,Nov,11,Q4,34,7.48,2.04,22.1,4.42,27.29,144.59,85.24,2,178.08
2009,Dec,12,Q4,34,7.48,2.04,22.1,4.42,27.29,42.13,82.3,2.01,185.82
2010,Jan,1,Q1,48.55,10.681,2.913,31.558,6.312,27.27,45.84,82.2,2,187.66
2010,Feb,2,Q1,58.26,12.817,3.496,37.869,7.574,28.28,67.6,81.26,2.11,192.43
2010,Mar,3,Q1,97.1,21.362,5.826,63.115,12.623,28.26,154.1,84.2,2.2,181.76
2010,Apr,4,Q2,126.23,27.771,7.574,82.05,16.41,28.22,221.79,87.13,2.09,167.18
2010,May,5,Q2,135.94,29.907,8.156,88.361,17.672,27.24,308.64,88.19,2,157.86
2010,Jun,6,Q2,116.52,25.634,6.991,75.738,15.148,26.24,362.56,90.14,1.89,147.34
2010,Jul,7,Q3,97.1,21.362,5.826,63.115,12.623,25.24,385.39,91.2,1.8,139.94
2010,Aug,8,Q3,87.39,19.226,5.243,56.803,11.361,25.23,297.57,91.16,1.69,141.43
2010,Sep,9,Q3,67.97,14.953,4.078,44.181,8.836,25.27,365.41,90.22,1.8,150
2010,Oct,10,Q4,58.26,12.817,3.496,37.869,7.574,26.3,309.74,89.29,1.91,160.64
2010,Nov,11,Q4,38.84,8.545,2.33,25.246,5.049,27.29,144.59,85.24,2,178.08
2010,Dec,12,Q4,38.84,8.545,2.33,25.246,5.049,27.29,42.13,82.3,2.01,185.82
2011,Jan,1,Q1,48.5,10.67,2.91,31.525,6.305,27.27,45.84,82.2,2,187.66
2011,Feb,2,Q1,58.2,12.804,3.492,37.83,7.566,28.28,67.6,81.26,2.11,192.43
2011,Mar,3,Q1,97,21.34,5.82,63.05,12.61,28.26,154.1,84.2,2.2,181.76
2011,Apr,4,Q2,126.1,27.742,7.566,81.965,16.393,28.22,221.79,87.13,2.09,167.18
2011,May,5,Q2,135.8,29.876,8.148,88.27,17.654,27.24,308.64,88.19,2,157.86
2011,Jun,6,Q2,116.4,25.608,6.984,75.66,15.132,26.24,362.56,90.14,1.89,147.34
2011,Jul,7,Q3,97,21.34,5.82,63.05,12.61,25.24,385.39,91.2,1.8,139.94
2011,Aug,8,Q3,87.3,19.206,5.238,56.745,11.349,25.23,297.57,91.16,1.69,141.43
2011,Sep,9,Q3,67.9,14.938,4.074,44.135,8.827,25.27,365.41,90.22,1.8,150
2011,Oct,10,Q4,58.2,12.804,3.492,37.83,7.566,26.3,309.74,89.29,1.91,160.64
2011,Nov,11,Q4,38.8,8.536,2.328,25.22,5.044,27.29,144.59,85.24,2,178.08
2011,Dec,12,Q4,38.8,8.536,2.328,25.22,5.044,27.29,42.13,82.3,2.01,185.82
2012,Jan,1,Q1,47,10.34,2.82,30.55,6.11,27.27,45.84,82.2,2,187.66
2012,Feb,2,Q1,56.4,12.408,3.384,36.66,7.332,28.28,67.6,81.26,2.11,192.43
2012,Mar,3,Q1,94,20.68,5.64,61.1,12.22,28.26,154.1,84.2,2.2,181.76
2012,Apr,4,Q2,122.2,26.884,7.332,79.43,15.886,28.22,221.79,87.13,2.09,167.18
2012,May,5,Q2,131.6,28.952,7.896,85.54,17.108,27.24,308.64,88.19,2,157.86
2012,Jun,6,Q2,112.8,24.816,6.768,73.32,14.664,26.24,362.56,90.14,1.89,147.34
2012,Jul,7,Q3,94,20.68,5.64,61.1,12.22,25.24,385.39,91.2,1.8,139.94
2012,Aug,8,Q3,84.6,18.612,5.076,54.99,10.998,25.23,297.57,91.16,1.69,141.43
2012,Sep,9,Q3,65.8,14.476,3.948,42.77,8.554,25.27,365.41,90.22,1.8,150
2012,Oct,10,Q4,56.4,12.408,3.384,36.66,7.332,26.3,309.74,89.29,1.91,160.64
2012,Nov,11,Q4,37.6,8.272,2.256,24.44,4.888,27.29,144.59,85.24,2,178.08
2012,Dec,12,Q4,37.6,8.272,2.256,24.44,4.888,27.29,42.13,82.3,2.01,185.82
2013,Jan,1,Q1,44,9.68,2.64,28.6,5.72,27.27,45.84,82.2,2,187.66
2013,Feb,2,Q1,52.8,11.616,3.168,34.32,6.864,28.28,67.6,81.26,2.11,192.43
2013,Mar,3,Q1,88,19.36,5.28,57.2,11.44,28.26,154.1,84.2,2.2,181.76
2013,Apr,4,Q2,114.4,25.168,6.864,74.36,14.872,28.22,221.79,87.13,2.09,167.18
2013,May,5,Q2,123.2,27.104,7.392,80.08,16.016,27.24,308.64,88.19,2,157.86
2013,Jun,6,Q2,105.6,23.232,6.336,68.64,13.728,26.24,362.56,90.14,1.89,147.34
2013,Jul,7,Q3,88,19.36,5.28,57.2,11.44,25.24,385.39,91.2,1.8,139.94
2013,Aug,8,Q3,79.2,17.424,4.752,51.48,10.296,25.23,297.57,91.16,1.69,141.43
2013,Sep,9,Q3,61.6,13.552,3.696,40.04,8.008,25.27,365.41,90.22,1.8,150
2013,Oct,10,Q4,52.8,11.616,3.168,34.32,6.864,26.3,309.74,89.29,1.91,160.64
2013,Nov,11,Q4,35.2,7.744,2.112,22.88,4.576,27.29,144.59,85.24,2,178.08
2013,Dec,12,Q4,35.2,7.744,2.112,22.88,4.576,27.29,42.13,82.3,2.01,185.82
2014,Jan,1,Q1,47,10.34,2.82,30.55,6.11,27.27,45.84,82.2,2,187.66
2014,Feb,2,Q1,56.4,12.408,3.384,36.66,7.332,28.28,67.6,81.26,2.11,192.43
2014,Mar,3,Q1,94,20.68,5.64,61.1,12.22,28.26,154.1,84.2,2.2,181.76
2014,Apr,4,Q2,122.2,26.884,7.332,79.43,15.886,28.22,221.79,87.13,2.09,167.18
2014,May,5,Q2,131.6,28.952,7.896,85.54,17.108,27.24,308.64,88.19,2,157.86
2014,Jun,6,Q2,112.8,24.816,6.768,73.32,14.664,26.24,362.56,90.14,1.89,147.34
2014,Jul,7,Q3,94,20.68,5.64,61.1,12.22,25.24,385.39,91.2,1.8,139.94
2014,Aug,8,Q3,84.6,18.612,5.076,54.99,10.998,25.23,297.57,91.16,1.69,141.43
2014,Sep,9,Q3,65.8,14.476,3.948,42.77,8.554,25.27,365.41,90.22,1.8,150
2014,Oct,10,Q4,56.4,12.408,3.384,36.66,7.332,26.3,309.74,89.29,1.91,160.64
2014,Nov,11,Q4,37.6,8.272,2.256,24.44,4.888,27.29,144.59,85.24,2,178.08
2014,Dec,12,Q4,37.6,8.272,2.256,24.44,4.888,27.29,42.13,82.3,2.01,185.82
2015,Jan,1,Q1,47.75,10.505,2.865,31.038,6.208,26.8,40.5,81.6,1.96,184.24
2015,Feb,2,Q1,57.3,12.606,3.438,37.245,7.449,27.8,59.8,80.7,2.07,188.93
2015,Mar,3,Q1,95.5,21.01,5.73,62.075,12.415,27.9,141,83.8,2.17,179.82
2015,Apr,4,Q2,124.15,27.313,7.449,80.698,16.14,27.9,211.2,86.8,2.08,166.66
2015,May,5,Q2,133.7,29.414,8.022,86.905,17.381,27,294,87.9,1.99,157.37
2015,Jun,6,Q2,114.6,25.212,6.876,74.49,14.898,26,360,90,1.9,148
2015,Jul,7,Q3,95.5,21.01,5.73,62.075,12.415,25,382.5,91.1,1.81,140.56
2015,Aug,8,Q3,85.95,18.909,5.157,55.868,11.174,25.1,306.8,91.2,1.71,143.14
2015,Sep,9,Q3,66.85,14.707,4.011,43.453,8.691,25.1,376.3,90.2,1.82,151.8
2015,Oct,10,Q4,57.3,12.606,3.438,37.245,7.449,26.2,318.6,89.3,1.93,162.56
2015,Nov,11,Q4,38.2,8.404,2.292,24.83,4.966,27.2,154,85.4,2.04,181.56
2015,Dec,12,Q4,38.2,8.404,2.292,24.83,4.966,27.2,44.8,82.5,2.05,189.44
2016,Jan,1,Q1,49.5,10.89,2.97,32.175,6.435,27.6,45.1,81.6,2.06,193.26
2016,Feb,2,Q1,59.4,13.068,3.564,38.61,7.722,28.6,66.4,80.6,2.17,198.14
2016,Mar,3,Q1,99,21.78,5.94,64.35,12.87,28,110.9,82.4,2.13,176.18
2016,Apr,4,Q2,128.7,28.314,7.722,83.655,16.731,28,166.5,85.4,2.04,163.3
2016,May,5,Q2,138.6,30.492,8.316,90.09,18.018,27.1,232.3,86.5,1.95,154.21
2016,Jun,6,Q2,118.8,26.136,7.128,77.22,15.444,26.1,285.1,88.6,1.86,145.04
2016,Jul,7,Q3,99,21.78,5.94,64.35,12.87,25.1,303.6,89.7,1.77,137.76
2016,Aug,8,Q3,89.1,19.602,5.346,57.915,11.583,25.2,244,89.8,1.68,140.3
2016,Sep,9,Q3,69.3,15.246,4.158,45.045,9.009,25.2,299.9,88.8,1.79,148.8
2016,Oct,10,Q4,59.4,13.068,3.564,38.61,7.722,26.3,254.4,87.9,1.89,159.36
2016,Nov,11,Q4,39.6,8.712,2.376,25.74,5.148,27.3,123.2,84,2,178
2016,Dec,12,Q4,39.6,8.712,2.376,25.74,5.148,27.3,35.9,81.1,2.01,185.74
2017,Jan,1,Q1,51.25,11.275,3.075,33.312,6.663,27.2,49.1,82.7,2.02,189.5
2017,Feb,2,Q1,61.5,13.53,3.69,39.975,7.995,28.2,72.3,81.7,2.13,194.3
2017,Mar,3,Q1,102.5,22.55,6.15,66.625,13.325,28.3,170.1,84.8,2.24,184.91
2017,Apr,4,Q2,133.25,29.315,7.995,86.612,17.323,28.3,254.1,87.9,2.14,171.36
2017,May,5,Q2,143.5,31.57,8.61,93.275,18.655,27.3,352.8,89,2.05,161.79
2017,Jun,6,Q2,123,27.06,7.38,79.95,15.99,26.4,430.9,91.1,1.95,152.14
2017,Jul,7,Q3,102.5,22.55,6.15,66.625,13.325,25.4,456.7,92.1,1.86,144.48
2017,Aug,8,Q3,92.25,20.295,5.535,59.962,11.992,24.8,260.2,90.9,1.65,137.46
2017,Sep,9,Q3,71.75,15.785,4.305,46.638,9.328,24.8,320.6,89.9,1.75,145.8
2017,Oct,10,Q4,61.5,13.53,3.69,39.975,7.995,25.9,272.6,89,1.85,156.16
2017,Nov,11,Q4,41,9.02,2.46,26.65,5.33,26.9,132.3,85.1,1.96,174.44
2017,Dec,12,Q4,41,9.02,2.46,26.65,5.33,26.9,38.6,82.2,1.97,182.04
2018,Jan,1,Q1,56.5,12.43,3.39,36.725,7.345,27.1,40.2,81.3,1.98,185.74
2018,Feb,2,Q1,67.8,14.916,4.068,44.07,8.814,28.1,59.3,80.3,2.08,190.46
2018,Mar,3,Q1,113,24.86,6.78,73.45,14.69,28.2,139.7,83.4,2.19,181.27
2018,Apr,4,Q2,146.9,32.318,8.814,95.485,19.097,28.2,209,86.5,2.1,168
2018,May,5,Q2,158.2,34.804,9.492,102.83,20.566,27.2,290.7,87.6,2.01,158.63
2018,Jun,6,Q2,135.6,29.832,8.136,88.14,17.628,26.3,355.7,89.7,1.92,149.18
2018,Jul,7,Q3,113,24.86,6.78,73.45,14.69,25.3,377.6,90.7,1.82,141.68
2018,Aug,8,Q3,101.7,22.374,6.102,66.105,13.221,25.4,302.7,90.8,1.73,144.27
2018,Sep,9,Q3,79.1,17.402,4.746,51.415,10.283,25.4,371,89.9,1.84,153
2018,Oct,10,Q4,67.8,14.916,4.068,44.07,8.814,26.4,313.9,89,1.95,163.84
2018,Nov,11,Q4,45.2,9.944,2.712,29.38,5.876,27.5,151.6,85.1,2.06,182.98
2018,Dec,12,Q4,45.2,9.944,2.712,29.38,5.876,27.5,44.1,82.1,2.06,190.92
2019,Jan,1,Q1,57,12.54,3.42,37.05,7.41,27,40.8,81.9,1.94,181.98
2019,Feb,2,Q1,68.4,15.048,4.104,44.46,8.892,28,60.4,80.9,2.04,186.62
2019,Mar,3,Q1,114,25.08,6.84,74.1,14.82,28.1,142.6,84,2.15,177.63
2019,Apr,4,Q2,148.2,32.604,8.892,96.33,19.266,28.1,213.8,87.1,2.06,164.64
2019,May,5,Q2,159.6,35.112,9.576,103.74,20.748,27.1,298.1,88.2,1.97,155.47
2019,Jun,6,Q2,136.8,30.096,8.208,88.92,17.784,26.2,365.5,90.3,1.88,146.22
2019,Jul,7,Q3,114,25.08,6.84,74.1,14.82,25.2,388.8,91.3,1.79,138.88
2019,Aug,8,Q3,102.6,22.572,6.156,66.69,13.338,25.3,312.2,91.4,1.69,141.43
2019,Sep,9,Q3,79.8,17.556,4.788,51.87,10.374,25.3,383.4,90.5,1.8,150
2019,Oct,10,Q4,68.4,15.048,4.104,44.46,8.892,26.3,325,89.6,1.91,160.64
2019,Nov,11,Q4,45.6,10.032,2.736,29.64,5.928,27.4,157.2,85.7,2.02,179.42
2019,Dec,12,Q4,45.6,10.032,2.736,29.64,5.928,27.4,45.8,82.7,2.02,187.22
2020,Jan,1,Q1,63.75,14.025,3.825,41.438,8.287,27.6,54.4,83.3,2.03,191.01
2020,Feb,2,Q1,76.5,16.83,4.59,49.725,9.945,28.6,80.1,82.4,2.14,195.84
2020,Mar,3,Q1,127.5,28.05,7.65,82.875,16.575,28.6,188.2,85.5,2.25,186.37
2020,Apr,4,Q2,165.75,36.465,9.945,107.737,21.547,28.7,280.9,88.6,2.16,172.7
2020,May,5,Q2,178.5,39.27,10.71,116.025,23.205,27.7,389.8,89.6,2.06,163.06
2020,Jun,6,Q2,153,33.66,9.18,99.45,19.89,26.1,338.7,90.4,1.84,143.26
2020,Jul,7,Q3,127.5,28.05,7.65,82.875,16.575,25.1,361.2,91.4,1.75,136.08
2020,Aug,8,Q3,114.75,25.245,6.885,74.588,14.918,25.2,290.8,91.5,1.66,138.59
2020,Sep,9,Q3,89.25,19.635,5.355,58.013,11.603,25.2,357.8,90.6,1.76,147
2020,Oct,10,Q4,76.5,16.83,4.59,49.725,9.945,26.2,304,89.7,1.87,157.44
2020,Nov,11,Q4,51,11.22,3.06,33.15,6.63,27.3,147.4,85.8,1.98,175.86
2020,Dec,12,Q4,51,11.22,3.06,33.15,6.63,27.3,43,82.8,1.98,183.52
2021,Jan,1,Q1,70,15.4,4.2,45.5,9.1,27.2,44.1,81.9,1.99,187.25
2021,Feb,2,Q1,84,18.48,5.04,54.6,10.92,28.2,65,81,2.1,192
2021,Mar,3,Q1,140,30.8,8.4,91,18.2,28.2,153,84.1,2.21,182.73
2021,Apr,4,Q2,182,40.04,10.92,118.3,23.66,28.3,228.8,87.2,2.12,169.34
2021,May,5,Q2,196,43.12,11.76,127.4,25.48,27.3,318,88.2,2.02,159.9
2021,Jun,6,Q2,168,36.96,10.08,109.2,21.84,26.4,388.8,90.3,1.93,150.37
2021,Jul,7,Q3,140,30.8,8.4,91,18.2,25.4,412.5,91.4,1.84,142.8
2021,Aug,8,Q3,126,27.72,7.56,81.9,16.38,25.4,330.4,91.5,1.74,145.41
2021,Sep,9,Q3,98,21.56,5.88,63.7,12.74,25.5,404.7,90.6,1.85,154.2
2021,Oct,10,Q4,84,18.48,5.04,54.6,10.92,26.5,342.2,89.6,1.96,165.12
2021,Nov,11,Q4,56,12.32,3.36,36.4,7.28,26.9,117.6,84.4,1.94,172.3
2021,Dec,12,Q4,56,12.32,3.36,36.4,7.28,26.9,34.4,81.4,1.94,179.82
2022,Jan,1,Q1,70,15.4,4.2,45.5,9.1,27.3,45.5,82.5,1.95,183.49
2022,Feb,2,Q1,84,18.48,5.04,54.6,10.92,28.3,67.3,81.6,2.06,188.16
2022,Mar,3,Q1,140,30.8,8.4,91,18.2,28.3,158.7,84.7,2.16,179.09
2022,Apr,4,Q2,182,40.04,10.92,118.3,23.66,28.4,237.8,87.8,2.07,165.98
2022,May,5,Q2,196,43.12,11.76,127.4,25.48,27.4,331.2,88.8,1.98,156.74
2022,Jun,6,Q2,168,36.96,10.08,109.2,21.84,26.5,405.7,90.9,1.89,147.41
2022,Jul,7,Q3,140,30.8,8.4,91,18.2,25.5,431.2,92,1.8,140
2022,Aug,8,Q3,126,27.72,7.56,81.9,16.38,25.5,346,92.1,1.71,142.57
2022,Sep,9,Q3,98,21.56,5.88,63.7,12.74,25.6,424.6,91.2,1.81,151.2
2022,Oct,10,Q4,84,18.48,5.04,54.6,10.92,26.6,359.6,90.2,1.92,161.92
2022,Nov,11,Q4,56,12.32,3.36,36.4,7.28,27.7,173.9,86.3,2.03,180.85
2022,Dec,12,Q4,56,12.32,3.36,36.4,7.28,27.7,50.6,83.4,2.04,188.7
2023,Jan,1,Q1,75,16.5,4.5,48.75,9.75,27.6,52.9,83,2.05,192.51
2023,Feb,2,Q1,90,19.8,5.4,58.5,11.7,28.7,77.8,82.1,2.16,197.38
2023,Mar,3,Q1,150,33,9,97.5,19.5,28.7,182.7,85.1,2.27,187.82
2023,Apr,4,Q2,195,42.9,11.7,126.75,25.35,28.1,194,86.9,2.03,162.62
2023,May,5,Q2,210,46.2,12.6,136.5,27.3,27.1,270.9,87.9,1.94,153.58
2023,Jun,6,Q2,180,39.6,10.8,117,23.4,26.2,332.6,90,1.85,144.45
2023,Jul,7,Q3,150,33,9,97.5,19.5,25.2,354.4,91.1,1.76,137.2
2023,Aug,8,Q3,135,29.7,8.1,87.75,17.55,25.2,285,91.2,1.67,139.73
2023,Sep,9,Q3,105,23.1,6.3,68.25,13.65,25.3,350.4,90.3,1.78,148.2
2023,Oct,10,Q4,90,19.8,5.4,58.5,11.7,26.3,297.4,89.3,1.88,158.72
2023,Nov,11,Q4,60,13.2,3.6,39,7.8,27.4,144.1,85.4,1.99,177.29
2023,Dec,12,Q4,60,13.2,3.6,39,7.8,27.4,42,82.5,2,185
2024,Jan,1,Q1,75,16.5,4.5,48.75,9.75,27.27,45.84,82.2,2,187.66
2024,Feb,2,Q1,90,19.8,5.4,58.5,11.7,28.28,67.6,81.26,2.11,192.43
2024,Mar,3,Q1,150,33,9,97.5,19.5,28.26,154.1,84.2,2.2,181.76
2024,Apr,4,Q2,195,42.9,11.7,126.75,25.35,28.22,221.79,87.13,2.09,167.18
2024,May,5,Q2,210,46.2,12.6,136.5,27.3,27.24,308.64,88.19,2,157.86
2024,Jun,6,Q2,180,39.6,10.8,117,23.4,26.24,362.56,90.14,1.89,147.34
2024,Jul,7,Q3,150,33,9,97.5,19.5,25.24,385.39,91.2,1.8,139.94
2024,Aug,8,Q3,135,29.7,8.1,87.75,17.55,25.23,297.57,91.16,1.69,141.43
2024,Sep,9,Q3,105,23.1,6.3,68.25,13.65,25.27,365.41,90.22,1.8,150
2024,Oct,10,Q4,90,19.8,5.4,58.5,11.7,26.3,309.74,89.29,1.91,160.64
2024,Nov,11,Q4,60,13.2,3.6,39,7.8,27.29,144.59,85.24,2,178.08
2024,Dec,12,Q4,60,13.2,3.6,39,7.8,27.29,42.13,82.3,2.01,185.82
